{"0": {"loss": 14.829188823699951, "accuracy": 0.0703125}, "1": {"loss": 13.095954895019531, "accuracy": 0.1875}, "2": {"loss": 13.095954895019531, "accuracy": 0.1875}, "3": {"loss": 13.095954895019531, "accuracy": 0.1875}, "4": {"loss": 13.095954895019531, "accuracy": 0.1875}, "5": {"loss": 13.095954895019531, "accuracy": 0.1875}, "6": {"loss": 13.095954895019531, "accuracy": 0.1875}, "7": {"loss": 13.095954895019531, "accuracy": 0.1875}, "8": {"loss": 13.095954895019531, "accuracy": 0.1875}, "9": {"loss": 13.095954895019531, "accuracy": 0.1875}}